{
	"info": {
		"_postman_id": "58da16b1-4a7b-44d4-b0c4-0ffc7a2825f5",
		"name": "API_Node_JWT",
		"schema": "https://schema.getpostman.com/json/collection/v2.1.0/collection.json"
	},
	"item": [
		{
			"name": "Book",
			"item": [
				{
					"name": "Get Books",
					"request": {
						"method": "GET",
						"header": [
							{
								"key": "auth-token",
								"value": "",
								"type": "default",
								"disabled": true
							}
						],
						"url": {
							"raw": "http://localhost:8005/api/books",
							"protocol": "http",
							"host": [
								"localhost"
							],
							"port": "8005",
							"path": [
								"api",
								"books"
							]
						}
					},
					"response": []
				},
				{
					"name": "Post book",
					"request": {
						"method": "POST",
						"header": [],
						"body": {
							"mode": "raw",
							"raw": "{\r\n    \"name\":\"Alicia en el pais de las maravillas\",\r\n    \"pages\":1,\r\n    \"isbn\":\"12312S\",\r\n    \"fecha\": \"12/10/2018\"\r\n}",
							"options": {
								"raw": {
									"language": "json"
								}
							}
						},
						"url": {
							"raw": "http://localhost:8005/api/book",
							"protocol": "http",
							"host": [
								"localhost"
							],
							"port": "8005",
							"path": [
								"api",
								"book"
							]
						}
					},
					"response": []
				},
				{
					"name": "Modify Book",
					"request": {
						"method": "PUT",
						"header": [],
						"body": {
							"mode": "raw",
							"raw": "{\r\n    \"_id\": \"63ff757be0d9136592858190\",\r\n    \"name\":\"OTRA COSA\",\r\n    \"pages\":112,\r\n    \"isbn\":\"1234567\",\r\n    \"fecha\": \"12/10/2018\"\r\n}",
							"options": {
								"raw": {
									"language": "json"
								}
							}
						},
						"url": {
							"raw": "http://localhost:8005/api/book/63ff757be0d9136592858190",
							"protocol": "http",
							"host": [
								"localhost"
							],
							"port": "8005",
							"path": [
								"api",
								"book",
								"63ff757be0d9136592858190"
							]
						}
					},
					"response": []
				},
				{
					"name": "Delete book",
					"request": {
						"method": "DELETE",
						"header": [],
						"url": {
							"raw": "http://localhost:8005/api/books/63ff79965eab7be462fd67d1",
							"protocol": "http",
							"host": [
								"localhost"
							],
							"port": "8005",
							"path": [
								"api",
								"books",
								"63ff79965eab7be462fd67d1"
							]
						}
					},
					"response": []
				}
			],
			"event": [
				{
					"listen": "prerequest",
					"script": {
						"type": "text/javascript",
						"exec": [
							"pm.request.headers.add({ ",
							"    key: \"auth-token\",",
							"    value: \"eyJhbGciOiJIUzI1NiIsInR5cCI6IkpXVCJ9.eyJuYW1lIjoicmFmYWVsIiwiaWQiOiI2M2Y5MWY2M2UxYjU4MzkxNTM5MTI3NzciLCJpYXQiOjE2Nzc2ODU4MDB9.aT3HRtvQsU0C7efikTK0y7V6yWhE_HLwfrBmBE1Y6bU\" ",
							"});"
						]
					}
				},
				{
					"listen": "test",
					"script": {
						"type": "text/javascript",
						"exec": [
							""
						]
					}
				}
			]
		},
		{
			"name": "Login",
			"item": [
				{
					"name": "Register",
					"request": {
						"method": "POST",
						"header": [],
						"body": {
							"mode": "raw",
							"raw": "{\r\n    \"name\":\"rafael\",\r\n    \"email\":\"randon@gmail.com\",\r\n    \"password\":\"password\"\r\n}",
							"options": {
								"raw": {
									"language": "json"
								}
							}
						},
						"url": {
							"raw": "http://localhost:8005/api/user/register",
							"protocol": "http",
							"host": [
								"localhost"
							],
							"port": "8005",
							"path": [
								"api",
								"user",
								"register"
							]
						}
					},
					"response": []
				},
				{
					"name": "Login",
					"request": {
						"method": "POST",
						"header": [],
						"body": {
							"mode": "raw",
							"raw": "{\r\n    \"email\":\"random@gmail.com\",\r\n    \"password\":\"password\"\r\n}",
							"options": {
								"raw": {
									"language": "json"
								}
							}
						},
						"url": {
							"raw": "http://localhost:8005/api/user/login",
							"protocol": "http",
							"host": [
								"localhost"
							],
							"port": "8005",
							"path": [
								"api",
								"user",
								"login"
							]
						}
					},
					"response": []
				}
			]
		},
		{
			"name": "Dashbord",
			"item": [
				{
					"name": "DashboardAuthorized",
					"request": {
						"method": "GET",
						"header": [
							{
								"key": "auth-token",
								"value": "eyJhbGciOiJIUzI1NiIsInR5cCI6IkpXVCJ9.eyJuYW1lIjoicmFmYWVsIiwiaWQiOiI2M2Y3NGY1YmNhYjVmOTFhZTI0YzM2N2IiLCJpYXQiOjE2NzcxNTIzNjZ9.7nxOeGWbzZQ6v2VQ_hrXXVREQ5ziP2p1e6Y3U5i4U2A",
								"type": "default"
							}
						],
						"url": {
							"raw": "http://localhost:8005/api/dashboard",
							"protocol": "http",
							"host": [
								"localhost"
							],
							"port": "8005",
							"path": [
								"api",
								"dashboard"
							],
							"query": [
								{
									"key": "",
									"value": "",
									"disabled": true
								}
							]
						}
					},
					"response": []
				},
				{
					"name": "DashboardUnauthorized",
					"request": {
						"method": "GET",
						"header": [
							{
								"key": "auth-token",
								"value": "algo",
								"type": "default"
							}
						],
						"url": {
							"raw": "http://localhost:8005/api/dashboard",
							"protocol": "http",
							"host": [
								"localhost"
							],
							"port": "8005",
							"path": [
								"api",
								"dashboard"
							]
						}
					},
					"response": []
				}
			]
		},
		{
			"name": "API WORKS",
			"request": {
				"method": "GET",
				"header": [],
				"url": {
					"raw": "http://localhost:8005/",
					"protocol": "http",
					"host": [
						"localhost"
					],
					"port": "8005",
					"path": [
						""
					]
				}
			},
			"response": []
		}
	]
}